название продукта;сылка на продукт;бренд;сылка на картинку;техт для проверки
LEGO DUPLO 10925 Конструктор ЛЕГО ДУПЛО Игровая комната;https://www.toy.ru/catalog/duplo/lego_duplo_10925_konstruktor_lego_duplo_igrovaya_komnata/;LEGO;https://www.toy.ru/upload/resize_cache/iblock/c17/207_207_10240811ca8906714d1a9f41f2f5b358d/10925_boxprod_v29.jpg;LEGO DUPLO 10925 Конструктор ЛЕГО ДУПЛО Игровая комната
LEGO Ninjago 71712 Конструктор ЛЕГО Ниндзяго Императорский храм Безумия;https://www.toy.ru/catalog/nindzyago/lego_ninjago_71712_konstruktor_lego_nindzyago_imperatorskiy_khram_bezumiya/;LEGO;https://www.toy.ru/upload/resize_cache/iblock/f1a/207_207_10240811ca8906714d1a9f41f2f5b358d/71712_boxprod_v29.jpg;LEGO Ninjago 71712 Конструктор ЛЕГО Ниндзяго Императорскийхрам Безумия
LEGO Classic 10696 Конструктор ЛЕГО Классик Набор для творчества среднего размера;https://www.toy.ru/catalog/lego_classic/lego_10696_lego_klassika_nabor_dlya_tvorchestva_srednego_razmera/;LEGO;https://www.toy.ru/upload/resize_cache/iblock/725/207_207_10240811ca8906714d1a9f41f2f5b358d/3673520c_7bbe_11e4_9cbd_00155d093116.jpeg;LEGO Classic 10696 Конструктор ЛЕГО Классик Набор длятворчества среднего размера
LEGO City 60258 Конструктор ЛЕГО Город Turbo Wheels Тюнинг-мастерская;https://www.toy.ru/catalog/gorod/lego_city_60258_konstruktor_lego_gorod_turbo_wheels_tyuning_masterskaya/;LEGO;https://www.toy.ru/upload/resize_cache/iblock/d1a/207_207_10240811ca8906714d1a9f41f2f5b358d/60258_boxprod_v29.jpg;LEGO City 60258 Конструктор ЛЕГО Город Turbo WheelsТюнинг-мастерская
LEGO Ninjago 71747 Конструктор ЛЕГО Ниндзяго Деревня Хранителей;https://www.toy.ru/catalog/nindzyago/lego_ninjago_71747_konstruktor_lego_nindzyago_derevnya_khraniteley/;LEGO;https://www.toy.ru/upload/resize_cache/iblock/851/207_207_10240811ca8906714d1a9f41f2f5b358d/71747.jpg;LEGO Ninjago 71747 Конструктор ЛЕГО Ниндзяго ДеревняХранителей
LEGO City 60228 Конструктор ЛЕГО Ракета для запуска в далекий космос и пульт управления запуском;https://www.toy.ru/catalog/gorod/lego_city_60228_konstruktor_lego_raketa_dlya_zapuska_v_dalekiy_kosmos_i_pult_upravleniya_zapuskom/;LEGO;https://www.toy.ru/upload/resize_cache/iblock/7d7/207_207_10240811ca8906714d1a9f41f2f5b358d/2.jpg;LEGO City 60228 Конструктор ЛЕГО Ракета для запуска в далекийкосмос и пульт управления запуском
LEGO City 60248 Конструктор ЛЕГО Город Пожарный спасательный вертолёт;https://www.toy.ru/catalog/gorod/lego_city_60248_konstruktor_lego_gorod_pozharnyy_spasatelnyy_vertolyet/;LEGO;https://www.toy.ru/upload/resize_cache/iblock/d40/207_207_10240811ca8906714d1a9f41f2f5b358d/60248.jpg;LEGO City 60248 Конструктор ЛЕГО Город Пожарный спасательныйвертолёт
LEGO Star Wars 75271 Конструктор ЛЕГО Звездные войны Спидер Люка Сайуокера;https://www.toy.ru/catalog/zvezdnye_voyny/lego_star_wars_75271_konstruktor_lego_zvezdnye_voyny_spider_lyuka_sayuokera/;LEGO;https://www.toy.ru/upload/resize_cache/iblock/b8f/207_207_10240811ca8906714d1a9f41f2f5b358d/75271_boxprod_v29.jpg;LEGO Star Wars 75271 Конструктор ЛЕГО Звездные войны СпидерЛюка Сайуокера
LEGO Super Heroes 76180 Конструктор ЛЕГО Супер Герои Бэтмен против Джокера: погоня на Бэтмобиле;https://www.toy.ru/catalog/super_geroi/lego_super_heroes_76180_konstruktor_lego_super_geroi_betmen_protiv_dzhokera_pogonya_na_betmobile/;LEGO;https://www.toy.ru/upload/resize_cache/iblock/b58/207_207_10240811ca8906714d1a9f41f2f5b358d/76180.jpg;LEGO Super Heroes 76180 Конструктор ЛЕГО Супер Герои Бэтменпротив Джокера: погоня на Бэтмобиле
LEGO Classic 10692 Конструктор ЛЕГО Классик Набор для творчества;https://www.toy.ru/catalog/lego_classic/lego_10692_lego_klassika_nabor_dlya_tvorchestva/;LEGO;https://www.toy.ru/upload/resize_cache/iblock/215/207_207_10240811ca8906714d1a9f41f2f5b358d/58b8a00c_7bbd_11e4_9cbd_00155d093116.jpeg;LEGO Classic 10692 Конструктор ЛЕГО Классик Набор длятворчества
LEGO Classic 10714 Конструктор ЛЕГО Классик Синяя базовая пластина;https://www.toy.ru/catalog/lego_classic/lego_classic_10714_lego_klassik_sinyaya_bazovaya_plastina/;LEGO;https://www.toy.ru/upload/resize_cache/iblock/513/207_207_10240811ca8906714d1a9f41f2f5b358d/10714.jpg;LEGO Classic 10714 Конструктор ЛЕГО Классик Синяя базоваяпластина
LEGO Classic 10713 Конструктор ЛЕГО Классик Чемоданчик для творчества и конструирования;https://www.toy.ru/catalog/lego_classic/lego_classic_10713_lego_klassik_kubiki_i_mekhanizmy/;LEGO;https://www.toy.ru/upload/resize_cache/iblock/ce6/207_207_10240811ca8906714d1a9f41f2f5b358d/10713.jpg;LEGO Classic 10713 Конструктор ЛЕГО Классик Чемоданчик длятворчества и конструирования
LEGO DUPLO 10886 Конструктор ЛЕГО ДУПЛО Мои первые машинки;https://www.toy.ru/catalog/duplo/lego_duplo_10886_konstruktor_lego_duplo_moi_pervye_mashinki/;LEGO;https://www.toy.ru/upload/resize_cache/iblock/cdc/207_207_10240811ca8906714d1a9f41f2f5b358d/10886_3.jpg;LEGO DUPLO 10886 Конструктор ЛЕГО ДУПЛО Мои первые машинки
LEGO DUPLO 10895 Конструктор ЛЕГО ДУПЛО The LEGO Movie 2: Пришельцы с планеты DUPLO;https://www.toy.ru/catalog/duplo/lego_duplo_10895_konstruktor_lego_duplo_the_lego_movie_2_prisheltsy_s_planety_duplo/;LEGO;https://www.toy.ru/upload/resize_cache/iblock/7b9/207_207_10240811ca8906714d1a9f41f2f5b358d/8.jpg;LEGO DUPLO 10895 Конструктор ЛЕГО ДУПЛО The LEGO Movie 2:Пришельцы с планеты DUPLO
LEGO City 60256 Конструктор ЛЕГО Город Turbo Wheels Гоночные автомобили;https://www.toy.ru/catalog/gorod/lego_city_60256_konstruktor_lego_gorod_turbo_wheels_gonochnye_avtomobili/;LEGO;https://www.toy.ru/upload/resize_cache/iblock/68b/207_207_10240811ca8906714d1a9f41f2f5b358d/60256_boxprod_v29.jpg;LEGO City 60256 Конструктор ЛЕГО Город Turbo Wheels Гоночныеавтомобили
LEGO DUPLO 10915 Конструктор ЛЕГО ДУПЛО Грузовик Алфавит;https://www.toy.ru/catalog/duplo/lego_duplo_10915_konstruktor_lego_duplo_gruzovik_alfavit/;LEGO;https://www.toy.ru/upload/resize_cache/iblock/021/207_207_10240811ca8906714d1a9f41f2f5b358d/10915_boxprod_v29.jpg;LEGO DUPLO 10915 Конструктор ЛЕГО ДУПЛО Грузовик Алфавит
LEGO DUPLO 10917 Конструктор ЛЕГО ДУПЛО Пожарная машина;https://www.toy.ru/catalog/duplo/lego_duplo_10917_konstruktor_lego_duplo_pozharnaya_mashina/;LEGO;https://www.toy.ru/upload/resize_cache/iblock/905/207_207_10240811ca8906714d1a9f41f2f5b358d/10917_boxprod_v29.jpg;LEGO DUPLO 10917 Конструктор ЛЕГО ДУПЛО Пожарная машина
LEGO DUPLO 10929 Конструктор ЛЕГО ДУПЛО Модульный игрушечный дом;https://www.toy.ru/catalog/duplo/lego_duplo_10929_konstruktor_lego_duplo_modulnyy_igrushechnyy_dom/;LEGO;https://www.toy.ru/upload/resize_cache/iblock/5d3/207_207_10240811ca8906714d1a9f41f2f5b358d/10929_boxprod_v29.jpg;LEGO DUPLO 10929 Конструктор ЛЕГО ДУПЛО Модульный игрушечныйдом
LEGO Star Wars 75263 Конструктор ЛЕГО Звездные войны Микрофайтеры: Истребитель Сопротивления типа Y;https://www.toy.ru/catalog/zvezdnye_voyny/lego_star_wars_75263_konstruktor_lego_zvezdnye_voyny_mikrofaytery_istrebitel_soprotivleniya_tipa_y/;LEGO;https://www.toy.ru/upload/resize_cache/iblock/612/207_207_10240811ca8906714d1a9f41f2f5b358d/75263_boxprod_v29.jpg;LEGO Star Wars 75263 Конструктор ЛЕГО Звездные войныМикрофайтеры: Истребитель Сопротивления типа Y
LEGO City 60265 Конструктор ЛЕГО Город Океан: исследовательская база;https://www.toy.ru/catalog/gorod/lego_city_60265_konstruktor_lego_gorod_okean_issledovatelskaya_baza/;LEGO;https://www.toy.ru/upload/resize_cache/iblock/e30/207_207_10240811ca8906714d1a9f41f2f5b358d/60265_boxprod.jpg;LEGO City 60265 Конструктор ЛЕГО Город Океан:исследовательская база
LEGO Ninjago 71705 Конструктор ЛЕГО Ниндзяго Летающий корабль Мастера Ву;https://www.toy.ru/catalog/nindzyago/lego_ninjago_71705_konstruktor_lego_nindzyago_letayushchiy_korabl_mastera_vu/;LEGO;https://www.toy.ru/upload/resize_cache/iblock/b32/207_207_10240811ca8906714d1a9f41f2f5b358d/71705_boxprod.jpg;LEGO Ninjago 71705 Конструктор ЛЕГО Ниндзяго Летающий корабльМастера Ву
LEGO Mindstorms 51515 Конструктор ЛЕГО Майндстормс Робот-изобретатель;https://www.toy.ru/catalog/mayndstorms/lego_mindstorms_51515_konstruktor_lego_mayndstorms_robot_izobretatel/;LEGO;https://www.toy.ru/upload/resize_cache/iblock/ace/207_207_10240811ca8906714d1a9f41f2f5b358d/51515_boxprod_v29.jpg;LEGO Mindstorms 51515 Конструктор ЛЕГО МайндстормсРобот-изобретатель
LEGO Creator 31118 Конструктор ЛЕГО Криэйтор Пляжный домик серферов;https://www.toy.ru/catalog/krieytor/lego_creator_31118_konstruktor_lego_krieytor_plyazhnyy_domik_serferov/;LEGO;https://www.toy.ru/upload/resize_cache/iblock/6fe/207_207_10240811ca8906714d1a9f41f2f5b358d/31118.jpg;LEGO Creator 31118 Конструктор ЛЕГО Криэйтор Пляжный домиксерферов
LEGO Ninjago 71749 Конструктор ЛЕГО Ниндзяго Дар Судьбы: Решающая битва;https://www.toy.ru/catalog/nindzyago/lego_ninjago_71749_konstruktor_lego_nindzyago_dar_sudby_reshayushchaya_bitva/;LEGO;https://www.toy.ru/upload/resize_cache/iblock/8e4/207_207_10240811ca8906714d1a9f41f2f5b358d/71749_3.jpg;LEGO Ninjago 71749 Конструктор ЛЕГО Ниндзяго Дар Судьбы:Решающая битва
LEGO BOOST 17101 Конструктор ЛЕГО Набор для конструирования и программирования;https://www.toy.ru/catalog/aktsiya_po_lego/lego_boost_17101_lego_nabor_dlya_konstruirovaniya_i_programmirovaniya/;LEGO;https://www.toy.ru/upload/resize_cache/iblock/7ca/207_207_10240811ca8906714d1a9f41f2f5b358d/17101.jpg;LEGO BOOST 17101 Конструктор ЛЕГО Набор для конструирования ипрограммирования
LEGO DUPLO 10875 Конструктор ЛЕГО ДУПЛО Грузовой поезд;https://www.toy.ru/catalog/duplo/lego_duplo_10875_konstruktor_lego_duplo_gruzovoy_poezd/;LEGO;https://www.toy.ru/upload/resize_cache/iblock/196/207_207_10240811ca8906714d1a9f41f2f5b358d/10875_2.jpg;LEGO DUPLO 10875 Конструктор ЛЕГО ДУПЛО Грузовой поезд
LEGO City 60198 Конструктор ЛЕГО Город Товарный поезд;https://www.toy.ru/catalog/gorod/lego_city_60198_konstruktor_lego_gorod_tovarnyy_poezd/;LEGO;https://www.toy.ru/upload/resize_cache/iblock/546/207_207_10240811ca8906714d1a9f41f2f5b358d/60198_2.jpg;LEGO City 60198 Конструктор ЛЕГО Город Товарный поезд
LEGO DUPLO 10900 Конструктор ЛЕГО ДУПЛО Полицейский мотоцикл;https://www.toy.ru/catalog/duplo/lego_duplo_10900_konstruktor_lego_duplo_politseyskiy_mototsikl/;LEGO;https://www.toy.ru/upload/resize_cache/iblock/162/207_207_10240811ca8906714d1a9f41f2f5b358d/10900_3.jpg;LEGO DUPLO 10900 Конструктор ЛЕГО ДУПЛО Полицейский мотоцикл
LEGO DUPLO 10901 Конструктор ЛЕГО ДУПЛО Пожарная машина;https://www.toy.ru/catalog/duplo/lego_duplo_10901_konstruktor_lego_duplo_pozharnaya_mashina/;LEGO;https://www.toy.ru/upload/resize_cache/iblock/675/207_207_10240811ca8906714d1a9f41f2f5b358d/10901_3.jpg;LEGO DUPLO 10901 Конструктор ЛЕГО ДУПЛО Пожарная машина
LEGO City 60220 Конструктор ЛЕГО Город Транспорт: Мусоровоз;https://www.toy.ru/catalog/gorod/lego_city_60220_konstruktor_lego_gorod_transport_musorovoz/;LEGO;https://www.toy.ru/upload/resize_cache/iblock/ea7/207_207_10240811ca8906714d1a9f41f2f5b358d/60220_3.jpg;LEGO City 60220 Конструктор ЛЕГО Город Транспорт: Мусоровоз
LEGO Creator 31088 Конструктор ЛЕГО Криэйтор Обитатели морских глубин;https://www.toy.ru/catalog/krieytor/lego_creator_31088_konstruktor_lego_krieytor_obitateli_morskikh_glubin/;LEGO;https://www.toy.ru/upload/resize_cache/iblock/099/207_207_10240811ca8906714d1a9f41f2f5b358d/31088_10.jpg;LEGO Creator 31088 Конструктор ЛЕГО Криэйтор Обитатели морскихглубин
LEGO Juniors 10767 Конструктор ЛЕГО Джуниорс История игрушек-4: Трюковое шоу Дюка Бубумса;https://www.toy.ru/catalog/lego_juniors/lego_juniors_10767_konstruktor_lego_dzhuniors_istoriya_igrushek_4_tryukovoe_shou_dyuka_bubumsa/;LEGO;https://www.toy.ru/upload/resize_cache/iblock/b90/207_207_10240811ca8906714d1a9f41f2f5b358d/1.jpg;LEGO Juniors 10767 Конструктор ЛЕГО Джуниорс Историяигрушек-4: Трюковое шоу Дюка Бубумса
LEGO City 60244 Конструктор ЛЕГО Город Полицейский вертолётный транспорт;https://www.toy.ru/catalog/gorod/lego_city_60244_konstruktor_lego_gorod_politseyskiy_vertolyetnyy_transport/;LEGO;https://www.toy.ru/upload/resize_cache/iblock/639/207_207_10240811ca8906714d1a9f41f2f5b358d/60244_boxprod_v29.jpg;LEGO City 60244 Конструктор ЛЕГО Город Полицейский вертолётныйтранспорт
LEGO Classic 11010 Конструктор ЛЕГО Классик Белая базовая пластина;https://www.toy.ru/catalog/lego_classic/lego_classic_11010_konstruktor_lego_klassik_belaya_bazovaya_plastina/;LEGO;https://www.toy.ru/upload/resize_cache/iblock/b1b/207_207_10240811ca8906714d1a9f41f2f5b358d/11010_boxprod_v29.jpg;LEGO Classic 11010 Конструктор ЛЕГО Классик Белая базоваяпластина
LEGO Technic 42102 Конструктор ЛЕГО Техник Mini CLAAS XERION;https://www.toy.ru/catalog/technic/lego_technic_42102_konstruktor_lego_tekhnik_mini_claas_xerion/;LEGO;https://www.toy.ru/upload/resize_cache/iblock/eef/207_207_10240811ca8906714d1a9f41f2f5b358d/42102_boxprod_v29.jpg;LEGO Technic 42102 Конструктор ЛЕГО Техник Mini CLAAS XERION
LEGO City 60260 Конструктор ЛЕГО Город Airport Воздушная гонка;https://www.toy.ru/catalog/gorod/lego_city_60260_konstruktor_lego_gorod_airport_vozdushnaya_gonka/;LEGO;https://www.toy.ru/upload/resize_cache/iblock/f3e/207_207_10240811ca8906714d1a9f41f2f5b358d/d76bddeea4a8feab236bb14af686588a.jpg;LEGO City 60260 Конструктор ЛЕГО Город Airport Воздушная гонка
LEGO City 60263 Конструктор ЛЕГО Город Океан: мини-подлодка;https://www.toy.ru/catalog/gorod/lego_city_60263_konstruktor_lego_gorod_okean_mini_podlodka/;LEGO;https://www.toy.ru/upload/resize_cache/iblock/284/207_207_10240811ca8906714d1a9f41f2f5b358d/60263_boxprod.jpg;LEGO City 60263 Конструктор ЛЕГО Город Океан: мини-подлодка
LEGO City 60275 Конструктор ЛЕГО Город Полицейский вертолёт;https://www.toy.ru/catalog/gorod/lego_city_60275_konstruktor_lego_gorod_politseyskiy_vertolyet/;LEGO;https://www.toy.ru/upload/resize_cache/iblock/0ce/207_207_10240811ca8906714d1a9f41f2f5b358d/60275_boxprod_v29.jpg;LEGO City 60275 Конструктор ЛЕГО Город Полицейский вертолёт
LEGO City 60290 Конструктор ЛЕГО Город Скейт-парк;https://www.toy.ru/catalog/gorod/lego_city_60290_konstruktor_lego_gorod_skeyt_park/;LEGO;https://www.toy.ru/upload/resize_cache/iblock/724/207_207_10240811ca8906714d1a9f41f2f5b358d/60290_boxprod_v29.jpg;LEGO City 60290 Конструктор ЛЕГО Город Скейт-парк
"LEGO Super Mario 71362 Конструктор ЛЕГО Супер Марио ""Охраняемая крепость"" Дополнительный набор";https://www.toy.ru/catalog/super_mario/lego_super_mario_71362_konstruktor_lego_super_mario_okhranyaemaya_krepost_dopolnitelnyy_nabor/;LEGO;https://www.toy.ru/upload/resize_cache/iblock/b30/207_207_10240811ca8906714d1a9f41f2f5b358d/71362_boxprod_v29.jpg;"LEGO Super Mario 71362 Конструктор ЛЕГО Супер Марио""Охраняемая крепость"" Дополнительный набор"
LEGO Classic 11014 Конструктор ЛЕГО Классик Кубики и колёса;https://www.toy.ru/catalog/lego_classic/lego_classic_11014_konstruktor_lego_klassik_kubiki_i_kolyesa/;LEGO;https://www.toy.ru/upload/resize_cache/iblock/80f/207_207_10240811ca8906714d1a9f41f2f5b358d/11014.jpg;LEGO Classic 11014 Конструктор ЛЕГО Классик Кубики и колёса
LEGO Creator 31116 Конструктор ЛЕГО Криэйтор Домик на дереве для сафари;https://www.toy.ru/catalog/krieytor/lego_creator_31116_konstruktor_lego_krieytor_domik_na_dereve_dlya_safari/;LEGO;https://www.toy.ru/upload/resize_cache/iblock/35f/207_207_10240811ca8906714d1a9f41f2f5b358d/31116.jpg;LEGO Creator 31116 Конструктор ЛЕГО Криэйтор Домик на дереведля сафари
LEGO Ninjago 71748 Конструктор ЛЕГО Ниндзяго Морская битва на катамаране;https://www.toy.ru/catalog/nindzyago/lego_ninjago_71748_konstruktor_lego_nindzyago_morskaya_bitva_na_katamarane/;LEGO;https://www.toy.ru/upload/resize_cache/iblock/bbb/207_207_10240811ca8906714d1a9f41f2f5b358d/71748_4.jpg;LEGO Ninjago 71748 Конструктор ЛЕГО Ниндзяго Морская битва накатамаране
LEGO Star Wars 75297 Конструктор ЛЕГО Звездные Войны Истребитель Сопротивления типа X;https://www.toy.ru/catalog/zvezdnye_voyny/lego_star_wars_75297_konstruktor_lego_zvezdnye_voyny_istrebitel_soprotivleniya_tipa_x/;LEGO;https://www.toy.ru/upload/resize_cache/iblock/470/207_207_10240811ca8906714d1a9f41f2f5b358d/75297.jpg;LEGO Star Wars 75297 Конструктор ЛЕГО Звездные ВойныИстребитель Сопротивления типа X
LEGO DOTs 41922 ЛЕГО Дотс Браслет Стильный кактус;https://www.toy.ru/catalog/dots/lego_dots_41922_lego_dots_braslet_stilnyy_kaktus/;LEGO;https://www.toy.ru/upload/resize_cache/iblock/a4e/207_207_10240811ca8906714d1a9f41f2f5b358d/41922.jpg;LEGO DOTs 41922 ЛЕГО Дотс Браслет Стильный кактус
LEGO Super Heroes 76177 Конструктор ЛЕГО Супер Герои Битва в древней деревне;https://www.toy.ru/catalog/super_geroi/lego_super_heroes_76177_konstruktor_lego_super_geroi_bitva_v_drevney_derevne/;LEGO;https://www.toy.ru/upload/resize_cache/iblock/e4e/207_207_10240811ca8906714d1a9f41f2f5b358d/76177.jpg;LEGO Super Heroes 76177 Конструктор ЛЕГО Супер Герои Битва вдревней деревне
LEGO Creator 31113 Конструктор ЛЕГО Криэйтор Транспортировщик гоночных автомобилей;https://www.toy.ru/catalog/krieytor/lego_creator_31113_konstruktor_lego_krieytor_transportirovshchik_gonochnykh_avtomobiley/;LEGO;https://www.toy.ru/upload/resize_cache/iblock/9d1/207_207_10240811ca8906714d1a9f41f2f5b358d/31113.jpg;LEGO Creator 31113 Конструктор ЛЕГО Криэйтор Транспортировщикгоночных автомобилей
LEGO DUPLO 10954 Конструктор ЛЕГО ДУПЛО Поезд с цифрами - учимся считать;https://www.toy.ru/catalog/duplo/lego_duplo_10954_konstruktor_lego_duplo_poezd_s_tsiframi_uchimsya_schitat/;LEGO;https://www.toy.ru/upload/resize_cache/iblock/c9a/207_207_10240811ca8906714d1a9f41f2f5b358d/10954_3.jpg;LEGO DUPLO 10954 Конструктор ЛЕГО ДУПЛО Поезд с цифрами -учимся считать
LEGO DUPLO 10847 Конструктор ЛЕГО ДУПЛО Поезд Считай и играй;https://www.toy.ru/catalog/duplo/lego_duplo_10847_lego_duplo_poezd_schitay_i_igray/;LEGO;https://www.toy.ru/upload/resize_cache/iblock/48d/207_207_10240811ca8906714d1a9f41f2f5b358d/10847.jpg;LEGO DUPLO 10847 Конструктор ЛЕГО ДУПЛО Поезд Считай и играй
LEGO Creator 31058 Конструктор ЛЕГО Криэйтор Грозный динозавр;https://www.toy.ru/catalog/krieytor/lego_creator_31058_lego_krieytor_groznyy_dinozavr/;LEGO;https://www.toy.ru/upload/resize_cache/iblock/f06/207_207_10240811ca8906714d1a9f41f2f5b358d/31058.jpg;LEGO Creator 31058 Конструктор ЛЕГО Криэйтор Грозный динозавр
LEGO Super Heroes 76085 Конструктор ЛЕГО Супер Герои Битва за Атлантиду;https://www.toy.ru/catalog/super_geroi/lego_super_heroes_76085_lego_super_geroi_bitva_za_atlantidu/;LEGO;https://www.toy.ru/upload/resize_cache/iblock/2d9/207_207_10240811ca8906714d1a9f41f2f5b358d/76085.jpg;LEGO Super Heroes 76085 Конструктор ЛЕГО Супер Герои Битва заАтлантиду
LEGO DUPLO 10898 Конструктор ЛЕГО ДУПЛО Дисней Мой первый Микки;https://www.toy.ru/catalog/duplo/lego_duplo_10898_konstruktor_lego_duplo_disney_moy_pervyy_mikki/;LEGO;https://www.toy.ru/upload/resize_cache/iblock/480/207_207_10240811ca8906714d1a9f41f2f5b358d/10898_3.jpg;LEGO DUPLO 10898 Конструктор ЛЕГО ДУПЛО Дисней Мой первыйМикки
LEGO Classic 11001 Конструктор ЛЕГО Классик Модели из кубиков;https://www.toy.ru/catalog/lego_classic/lego_creator_11001_konstruktor_lego_krieytor_modeli_iz_kubikov/;LEGO;https://www.toy.ru/upload/resize_cache/iblock/45c/207_207_10240811ca8906714d1a9f41f2f5b358d/11001_10.jpg;LEGO Classic 11001 Конструктор ЛЕГО Классик Модели из кубиков
LEGO Juniors 10766 Конструктор ЛЕГО Джуниорс История игрушек-4: Вуди на машине;https://www.toy.ru/catalog/lego_juniors/lego_juniors_10766_konstruktor_lego_dzhuniors_istoriya_igrushek_4_vudi_na_mashine/;LEGO;https://www.toy.ru/upload/resize_cache/iblock/5f5/207_207_10240811ca8906714d1a9f41f2f5b358d/1.jpg;LEGO Juniors 10766 Конструктор ЛЕГО Джуниорс Историяигрушек-4: Вуди на машине
LEGO Juniors 10768 ЛЕГО Джуниорс История игрушек-4: Приключения Базза и Бо Пип на детской площадке;https://www.toy.ru/catalog/lego_juniors/lego_juniors_10768_lego_dzhuniors_istoriya_igrushek_4_priklyucheniya_bazza_i_bo_pip_na_detskoy_ploshch/;LEGO;https://www.toy.ru/upload/resize_cache/iblock/7af/207_207_10240811ca8906714d1a9f41f2f5b358d/1.jpg;LEGO Juniors 10768 ЛЕГО Джуниорс История игрушек-4:Приключения Базза и Бо Пип на детской площадке
LEGO City 60245 Конструктор ЛЕГО Город Ограбление полицейского монстр-трака;https://www.toy.ru/catalog/gorod/lego_city_60245_konstruktor_lego_gorod_ograblenie_politseyskogo_monstr_traka/;LEGO;https://www.toy.ru/upload/resize_cache/iblock/c39/207_207_10240811ca8906714d1a9f41f2f5b358d/60245_boxprod_v29.jpg;LEGO City 60245 Конструктор ЛЕГО Город Ограбление полицейскогомонстр-трака
LEGO City 60246 Конструктор ЛЕГО Город Полицейский участок;https://www.toy.ru/catalog/gorod/lego_city_60246_konstruktor_lego_gorod_politseyskiy_uchastok/;LEGO;https://www.toy.ru/upload/resize_cache/iblock/25f/207_207_10240811ca8906714d1a9f41f2f5b358d/60246_boxprod_v29.jpg;LEGO City 60246 Конструктор ЛЕГО Город Полицейский участок
LEGO DUPLO 10928 Конструктор ЛЕГО ДУПЛО Пекарня;https://www.toy.ru/catalog/duplo/lego_duplo_10928_konstruktor_lego_duplo_pekarnya/;LEGO;https://www.toy.ru/upload/resize_cache/iblock/17f/207_207_10240811ca8906714d1a9f41f2f5b358d/10928_boxprod_v29.jpg;LEGO DUPLO 10928 Конструктор ЛЕГО ДУПЛО Пекарня
LEGO Creator 31099 Конструктор ЛЕГО Криэйтор Винтовой самолёт;https://www.toy.ru/catalog/krieytor/lego_creator_31099_konstruktor_lego_krieytor_vintovoy_samolyet/;LEGO;https://www.toy.ru/upload/resize_cache/iblock/e35/207_207_10240811ca8906714d1a9f41f2f5b358d/31099_boxprod_v29.jpg;LEGO Creator 31099 Конструктор ЛЕГО Криэйтор Винтовой самолёт
LEGO Creator 31104 Конструктор ЛЕГО Криэйтор Грузовик Монстрбургер;https://www.toy.ru/catalog/krieytor/lego_creator_31104_konstruktor_lego_krieytor_gruzovik_monstrburger/;LEGO;https://www.toy.ru/upload/resize_cache/iblock/523/207_207_10240811ca8906714d1a9f41f2f5b358d/31104_boxprod_v29.jpg;LEGO Creator 31104 Конструктор ЛЕГО Криэйтор ГрузовикМонстрбургер
LEGO Star Wars 75265 Конструктор ЛЕГО Звездные войны Микрофайтеры: Скайхоппер T-16 против Банты;https://www.toy.ru/catalog/zvezdnye_voyny/lego_star_wars_75265_konstruktor_lego_zvezdnye_voyny_mikrofaytery_skaykhopper_t_16_protiv_banty/;LEGO;https://www.toy.ru/upload/resize_cache/iblock/dfe/207_207_10240811ca8906714d1a9f41f2f5b358d/75265_boxprod_v29.jpg;LEGO Star Wars 75265 Конструктор ЛЕГО Звездные войныМикрофайтеры: Скайхоппер T-16 против Банты
LEGO Star Wars 75272 Конструктор ЛЕГО Звездные войны Истребитель СИД ситхов;https://www.toy.ru/catalog/zvezdnye_voyny/lego_star_wars_75272_konstruktor_lego_zvezdnye_voyny_istrebitel_sid_sitkhov/;LEGO;https://www.toy.ru/upload/resize_cache/iblock/b98/207_207_10240811ca8906714d1a9f41f2f5b358d/75272_boxprod_v29.jpg;LEGO Star Wars 75272 Конструктор ЛЕГО Звездные войныИстребитель СИД ситхов
LEGO Super Heroes 76149 Конструктор ЛЕГО Супер Герои Угрозы Мистерио;https://www.toy.ru/catalog/super_geroi/lego_super_heroes_76149_konstruktor_lego_super_geroi_ugrozy_misterio/;LEGO;https://www.toy.ru/upload/resize_cache/iblock/5e9/207_207_10240811ca8906714d1a9f41f2f5b358d/76149_boxprod_v29.jpg;LEGO Super Heroes 76149 Конструктор ЛЕГО Супер Герои УгрозыМистерио
LEGO DUPLO Town 10933 Конструктор ЛЕГО ДУПЛО Башенный кран на стройке;https://www.toy.ru/catalog/duplo/lego_duplo_town_10933_konstruktor_lego_duplo_bashennyy_kran_na_stroyke/;LEGO;https://www.toy.ru/upload/resize_cache/iblock/aca/207_207_10240811ca8906714d1a9f41f2f5b358d/10933_boxprod.jpg;LEGO DUPLO Town 10933 Конструктор ЛЕГО ДУПЛО Башенный кран настройке
LEGO Creator 31107 Конструктор ЛЕГО Криэйтор Исследовательский планетоход;https://www.toy.ru/catalog/krieytor/lego_creator_31107_konstruktor_lego_krieytor_issledovatelskiy_planetokhod/;LEGO;https://www.toy.ru/upload/resize_cache/iblock/b0a/207_207_10240811ca8906714d1a9f41f2f5b358d/31107_boxprod.jpg;LEGO Creator 31107 Конструктор ЛЕГО Криэйтор Исследовательскийпланетоход
LEGO Ninjago 71719 Конструктор ЛЕГО Ниндзяго Бронированный носорог Зейна;https://www.toy.ru/catalog/nindzyago/lego_ninjago_71719_konstruktor_lego_nindzyago_bronirovannyy_nosorog_zeyna/;LEGO;https://www.toy.ru/upload/resize_cache/iblock/63e/207_207_10240811ca8906714d1a9f41f2f5b358d/71719_boxprod.jpg;LEGO Ninjago 71719 Конструктор ЛЕГО Ниндзяго Бронированныйносорог Зейна
LEGO DUPLO 10957 Конструктор ЛЕГО Дупло Пожарный вертолет и полицейский автомобиль;https://www.toy.ru/catalog/duplo/lego_duplo_10957_konstruktor_lego_duplo_pozharnyy_vertolet_i_politseyskiy_avtomobil/;LEGO;https://www.toy.ru/upload/resize_cache/iblock/960/207_207_10240811ca8906714d1a9f41f2f5b358d/10957_prod1.jpg;LEGO DUPLO 10957 Конструктор ЛЕГО Дупло Пожарный вертолет иполицейский автомобиль
LEGO DUPLO 10941 Конструктор ЛЕГО ДУПЛО Дисней Праздничный поезд Микки и Минни;https://www.toy.ru/catalog/duplo/lego_duplo_10941_konstruktor_lego_duplo_disney_prazdnichnyy_poezd_mikki_i_minni/;LEGO;https://www.toy.ru/upload/resize_cache/iblock/fc3/207_207_10240811ca8906714d1a9f41f2f5b358d/10941.jpg;LEGO DUPLO 10941 Конструктор ЛЕГО ДУПЛО Дисней Праздничныйпоезд Микки и Минни
LEGO DUPLO 10955 Конструктор ЛЕГО ДУПЛО Поезд для животных;https://www.toy.ru/catalog/duplo/lego_duplo_10955_konstruktor_lego_duplo_poezd_dlya_zhivotnykh/;LEGO;https://www.toy.ru/upload/resize_cache/iblock/f77/207_207_10240811ca8906714d1a9f41f2f5b358d/10955.jpg;LEGO DUPLO 10955 Конструктор ЛЕГО ДУПЛО Поезд для животных
LEGO Super Heroes 76165 Конструктор ЛЕГО Супер Герои Шлем Железного Человека;https://www.toy.ru/catalog/super_geroi/lego_super_heroes_76165_konstruktor_lego_super_geroi_shlem_zheleznogo_cheloveka/;LEGO;https://www.toy.ru/upload/resize_cache/iblock/aa3/207_207_10240811ca8906714d1a9f41f2f5b358d/76165.jpg;LEGO Super Heroes 76165 Конструктор ЛЕГО Супер Герои ШлемЖелезного Человека
LEGO Ninjago 71740 Конструктор ЛЕГО Ниндзяго Электрический робот Джея;https://www.toy.ru/catalog/nindzyago/lego_ninjago_71740_konstruktor_lego_nindzyago_elektricheskiy_robot_dzheya/;LEGO;https://www.toy.ru/upload/resize_cache/iblock/547/207_207_10240811ca8906714d1a9f41f2f5b358d/71740.jpg;LEGO Ninjago 71740 Конструктор ЛЕГО Ниндзяго Электрическийробот Джея
LEGO VIDIYO 43105 Конструктор ЛЕГО Битбокс Любителя вечеринок Л.Л.А.М.А;https://www.toy.ru/catalog/vidiyo/lego_vidiyo_43105_konstruktor_lego_bitboks_lyubitelya_vecherinok_l_l_a_m_a/;LEGO;https://www.toy.ru/upload/resize_cache/iblock/e59/207_207_10240811ca8906714d1a9f41f2f5b358d/43105.jpg;LEGO VIDIYO 43105 Конструктор ЛЕГО Битбокс Любителя вечеринокЛ.Л.А.М.А
LEGO City 60279 Конструктор ЛЕГО Город Пожарный автомобиль;https://www.toy.ru/catalog/gorod/lego_city_60279_konstruktor_lego_gorod_pozharnyy_avtomobil/;LEGO;https://www.toy.ru/upload/resize_cache/iblock/088/207_207_10240811ca8906714d1a9f41f2f5b358d/60279.jpg;LEGO City 60279 Конструктор ЛЕГО Город Пожарный автомобиль
LEGO City 60292 Конструктор ЛЕГО Город Центр города;https://www.toy.ru/catalog/gorod/lego_city_60292_konstruktor_lego_gorod_tsentr_goroda/;LEGO;https://www.toy.ru/upload/resize_cache/iblock/259/207_207_10240811ca8906714d1a9f41f2f5b358d/60292.jpg;LEGO City 60292 Конструктор ЛЕГО Город Центр города
LEGO Classic 11013 Конструктор ЛЕГО Классик Прозрачные кубики;https://www.toy.ru/catalog/lego_classic/lego_classic_11013_konstruktor_lego_klassik_prozrachnye_kubiki/;LEGO;https://www.toy.ru/upload/resize_cache/iblock/4b3/207_207_10240811ca8906714d1a9f41f2f5b358d/11013.jpg;LEGO Classic 11013 Конструктор ЛЕГО Классик Прозрачные кубики
LEGO Super Heroes 76182 Конструктор ЛЕГО Супер Герои Маска Бэтмена;https://www.toy.ru/catalog/super_geroi/lego_super_heroes_76182_konstruktor_lego_super_geroi_maska_betmena/;LEGO;https://www.toy.ru/upload/resize_cache/iblock/775/207_207_10240811ca8906714d1a9f41f2f5b358d/76182.jpg;LEGO Super Heroes 76182 Конструктор ЛЕГО Супер Герои МаскаБэтмена
LEGO Star Wars 75305 Конструктор ЛЕГО Звездные Войны Шлем пехотинца-разведчика;https://www.toy.ru/catalog/zvezdnye_voyny/lego_star_wars_75305_konstruktor_lego_zvezdnye_voyny_shlem_pekhotintsa_razvedchika/;LEGO;https://www.toy.ru/upload/resize_cache/iblock/9c7/207_207_10240811ca8906714d1a9f41f2f5b358d/75305.jpg;LEGO Star Wars 75305 Конструктор ЛЕГО Звездные Войны Шлемпехотинца-разведчика
LEGO Star Wars 75306 Конструктор ЛЕГО Звездные Войны Имперский разведывательный дроид;https://www.toy.ru/catalog/zvezdnye_voyny/lego_star_wars_75306_konstruktor_lego_zvezdnye_voyny_imperskiy_razvedyvatelnyy_droid/;LEGO;https://www.toy.ru/upload/resize_cache/iblock/adc/207_207_10240811ca8906714d1a9f41f2f5b358d/75306.jpg;LEGO Star Wars 75306 Конструктор ЛЕГО Звездные Войны Имперскийразведывательный дроид
LEGO DUPLO 10939 Конструктор ЛЕГО ДУПЛО Jurassic World Побег динозавров: тираннозавр и трицератопс;https://www.toy.ru/catalog/duplo/lego_duplo_10939_konstruktor_lego_duplo_jurassic_world_pobeg_dinozavrov_tirannozavr_i_tritseratops/;LEGO;https://www.toy.ru/upload/resize_cache/iblock/235/207_207_10240811ca8906714d1a9f41f2f5b358d/10939.jpg;LEGO DUPLO 10939 Конструктор ЛЕГО ДУПЛО Jurassic World Побегдинозавров: тираннозавр и трицератопс
LEGO Minecraft 21174 Конструктор ЛЕГО Майнкрафт Современный домик на дереве;https://www.toy.ru/catalog/maynkraft/lego_minecraft_21174_konstruktor_lego_maynkraft_sovremennyy_domik_na_dereve/;LEGO;https://www.toy.ru/upload/resize_cache/iblock/a4e/207_207_10240811ca8906714d1a9f41f2f5b358d/21174_3.jpg;LEGO Minecraft 21174 Конструктор ЛЕГО Майнкрафт Современныйдомик на дереве
"LEGO VIDIYO 43114 Конструктор ЛЕГО Набор ""Корабль Пирата Панка""";https://www.toy.ru/catalog/vidiyo/lego_vidiyo_43114_konstruktor_lego_nabor_korabl_pirata_panka/;LEGO;https://www.toy.ru/upload/resize_cache/iblock/6b9/207_207_10240811ca8906714d1a9f41f2f5b358d/43114_5.jpg;"LEGO VIDIYO 43114 Конструктор ЛЕГО Набор ""Корабль ПиратаПанка"""
"LEGO VIDIYO 43115 Конструктор ЛЕГО Набор ""Бумбокс""";https://www.toy.ru/catalog/vidiyo/lego_vidiyo_43115_konstruktor_lego_nabor_bumboks/;LEGO;https://www.toy.ru/upload/resize_cache/iblock/3f7/207_207_10240811ca8906714d1a9f41f2f5b358d/43115_5.jpg;"LEGO VIDIYO 43115 Конструктор ЛЕГО Набор ""Бумбокс"""
LEGO DOTs 41936 ЛЕГО Дотс Подставка для карандашей;https://www.toy.ru/catalog/dots/lego_dots_41936_lego_dots_podstavka_dlya_karandashey/;LEGO;https://www.toy.ru/upload/resize_cache/iblock/cfa/207_207_10240811ca8906714d1a9f41f2f5b358d/41936_3.jpg;LEGO DOTs 41936 ЛЕГО Дотс Подставка для карандашей
LEGO Speed Champions 76904 Конструктор ЛЕГО Чемпионс Mopar Dodge SRT Top Fuel Dragster and 1970 Dodg;https://www.toy.ru/catalog/speed_champions/lego_speed_champions_76904_konstruktor_lego_chempions_mopar_dodge_srt_top_fuel_dragster_and_1970_dod/;LEGO;https://www.toy.ru/upload/resize_cache/iblock/b8d/207_207_10240811ca8906714d1a9f41f2f5b358d/76904_3.jpg;LEGO Speed Champions 76904 Конструктор ЛЕГО Чемпионс MoparDodge SRT Top Fuel Dragster and 1970 Dodg
LEGO Ninjago 71734 Конструктор ЛЕГО Ниндзяго Мотоцикл Кая;https://www.toy.ru/catalog/nindzyago/lego_ninjago_71734_konstruktor_lego_nindzyago_mototsikl_kaya/;LEGO;https://www.toy.ru/upload/resize_cache/iblock/68f/207_207_10240811ca8906714d1a9f41f2f5b358d/71734_3.jpg;LEGO Ninjago 71734 Конструктор ЛЕГО Ниндзяго Мотоцикл Кая
LEGO Ninjago 71753 Конструктор ЛЕГО Ниндзяго Атака огненного дракона;https://www.toy.ru/catalog/nindzyago/lego_ninjago_71753_konstruktor_lego_nindzyago_ataka_ognennogo_drakona/;LEGO;https://www.toy.ru/upload/resize_cache/iblock/5b4/207_207_10240811ca8906714d1a9f41f2f5b358d/71753_3.jpg;LEGO Ninjago 71753 Конструктор ЛЕГО Ниндзяго Атака огненногодракона
LEGO DUPLO 10961 Конструктор ЛЕГО ДУПЛО Самолет и аэропорт;https://www.toy.ru/catalog/duplo/lego_duplo_10961_konstruktor_lego_duplo_samolet_i_aeroport/;LEGO;https://www.toy.ru/upload/resize_cache/iblock/a12/207_207_10240811ca8906714d1a9f41f2f5b358d/7.jpg;LEGO DUPLO 10961 Конструктор ЛЕГО ДУПЛО Самолет и аэропорт
LEGO Classic 10701 Конструктор ЛЕГО Классик Строительная пластина серого цвета;https://www.toy.ru/catalog/lego_classic/lego_10701_lego_klassika_stroitelnaya_plastina_serogo_tsveta/;LEGO;https://www.toy.ru/upload/resize_cache/iblock/616/207_207_10240811ca8906714d1a9f41f2f5b358d/bdc0c58c_7bbe_11e4_9cbd_00155d093116.jpeg;LEGO Classic 10701 Конструктор ЛЕГО Классик Строительнаяпластина серого цвета
LEGO Super Heroes 76087 Конструктор ЛЕГО Супер Герои Нападение с воздуха;https://www.toy.ru/catalog/super_geroi/lego_super_heroes_76087_lego_super_geroi_napadenie_s_vozdukha/;LEGO;https://www.toy.ru/upload/resize_cache/iblock/f24/207_207_10240811ca8906714d1a9f41f2f5b358d/76087.jpg;LEGO Super Heroes 76087 Конструктор ЛЕГО Супер Герои Нападениес воздуха
LEGO DUPLO 10861 Конструктор ЛЕГО ДУПЛО Мои первые эмоции;https://www.toy.ru/catalog/duplo/lego_duplo_10861_lego_duplo_moi_pervye_emotsii/;LEGO;https://www.toy.ru/upload/resize_cache/iblock/dc8/207_207_10240811ca8906714d1a9f41f2f5b358d/10861.jpg;LEGO DUPLO 10861 Конструктор ЛЕГО ДУПЛО Мои первые эмоции
LEGO DUPLO 10872 Конструктор ЛЕГО ДУПЛО Железнодорожный мост и рельсы;https://www.toy.ru/catalog/duplo/lego_duplo_10872_konstruktor_lego_duplo_zheleznodorozhnyy_most_i_relsy/;LEGO;https://www.toy.ru/upload/resize_cache/iblock/260/207_207_10240811ca8906714d1a9f41f2f5b358d/10872_2.jpg;LEGO DUPLO 10872 Конструктор ЛЕГО ДУПЛО Железнодорожный мост ирельсы
LEGO City 60197 Конструктор ЛЕГО Город Пассажирский поезд;https://www.toy.ru/catalog/gorod/lego_city_60197_konstruktor_lego_gorod_passazhirskiy_poezd/;LEGO;https://www.toy.ru/upload/resize_cache/iblock/468/207_207_10240811ca8906714d1a9f41f2f5b358d/60197_2.jpg;LEGO City 60197 Конструктор ЛЕГО Город Пассажирский поезд
LEGO City 60205 Конструктор ЛЕГО Город Рельсы;https://www.toy.ru/catalog/gorod/lego_city_60205_konstruktor_lego_gorod_relsy/;LEGO;https://www.toy.ru/upload/resize_cache/iblock/a06/207_207_10240811ca8906714d1a9f41f2f5b358d/60205_2.jpg;LEGO City 60205 Конструктор ЛЕГО Город Рельсы
LEGO City 60238 Конструктор ЛЕГО Город Железнодорожные стрелки;https://www.toy.ru/catalog/aktsiya_po_lego/lego_city_60238_konstruktor_lego_gorod_zheleznodorozhnye_strelki/;LEGO;https://www.toy.ru/upload/resize_cache/iblock/814/207_207_10240811ca8906714d1a9f41f2f5b358d/a1si3fdof1l.jpg;LEGO City 60238 Конструктор ЛЕГО Город Железнодорожные стрелки
LEGO City 60237 Конструктор ЛЕГО Город Поворот и перекрёсток;https://www.toy.ru/catalog/gorod/lego_city_60237_konstruktor_lego_gorod_povorot_i_perekryestok/;LEGO;https://www.toy.ru/upload/resize_cache/iblock/aec/207_207_10240811ca8906714d1a9f41f2f5b358d/60237_2.jpg;LEGO City 60237 Конструктор ЛЕГО Город Поворот и перекрёсток
LEGO Movie 2 70820 Конструктор ЛЕГО Фильм 2 Набор кинорежиссёра LEGO;https://www.toy.ru/catalog/muvi/lego_movie_2_70820_konstruktor_lego_film_2_nabor_kinorezhissyera_lego/;LEGO;https://www.toy.ru/upload/resize_cache/iblock/731/207_207_10240811ca8906714d1a9f41f2f5b358d/70820_3.jpg;LEGO Movie 2 70820 Конструктор ЛЕГО Фильм 2 Наборкинорежиссёра LEGO
"LEGO Movie 2 70825 Конструктор ЛЕГО Фильм 2 Шкатулка королевы Многолики ""Собери что хочешь""";https://www.toy.ru/catalog/muvi/lego_movie_2_70825_konstruktor_lego_film_2_shkatulka_korolevy_mnogoliki_soberi_chto_khochesh/;LEGO;https://www.toy.ru/upload/resize_cache/iblock/3d4/207_207_10240811ca8906714d1a9f41f2f5b358d/70825_3.jpg;"LEGO Movie 2 70825 Конструктор ЛЕГО Фильм 2 Шкатулка королевыМноголики ""Собери что хочешь"""
LEGO Classic 11002 Конструктор ЛЕГО Классик Базовый набор кубиков;https://www.toy.ru/catalog/lego_classic/lego_creator_11002_konstruktor_lego_krieytor_bazovyy_nabor_kubikov/;LEGO;https://www.toy.ru/upload/resize_cache/iblock/570/207_207_10240811ca8906714d1a9f41f2f5b358d/11002_10.jpg;LEGO Classic 11002 Конструктор ЛЕГО Классик Базовый наборкубиков
LEGO Star Wars 75239 Конструктор ЛЕГО Звездные Войны Разрушение генераторов на Хоте;https://www.toy.ru/catalog/zvezdnye_voyny/lego_star_wars_75239_konstruktor_lego_zvezdnye_voyny_razrushenie_generatorov_na_khote/;LEGO;https://www.toy.ru/upload/resize_cache/iblock/d67/207_207_10240811ca8906714d1a9f41f2f5b358d/75239_2.jpg;LEGO Star Wars 75239 Конструктор ЛЕГО Звездные ВойныРазрушение генераторов на Хоте
LEGO City 60224 Конструктор ЛЕГО Город Миссия по ремонту спутника;https://www.toy.ru/catalog/gorod/lego_city_60224_konstruktor_lego_gorod_missiya_po_remontu_sputnika/;LEGO;https://www.toy.ru/upload/resize_cache/iblock/c27/207_207_10240811ca8906714d1a9f41f2f5b358d/2.jpg;LEGO City 60224 Конструктор ЛЕГО Город Миссия по ремонтуспутника
LEGO DUPLO 10899 Конструктор ЛЕГО ДУПЛО Дисней Ледяной замок;https://www.toy.ru/catalog/duplo/lego_duplo_10899_konstruktor_lego_duplo_disney_ledyanoy_zamok/;LEGO;https://www.toy.ru/upload/resize_cache/iblock/3cf/207_207_10240811ca8906714d1a9f41f2f5b358d/1.jpg;LEGO DUPLO 10899 Конструктор ЛЕГО ДУПЛО Дисней Ледяной замок
LEGO City 60247 Конструктор ЛЕГО Город Лесные пожарные;https://www.toy.ru/catalog/gorod/lego_city_60247_konstruktor_lego_gorod_lesnye_pozharnye/;LEGO;https://www.toy.ru/upload/resize_cache/iblock/cb0/207_207_10240811ca8906714d1a9f41f2f5b358d/60247_boxprod_v29.jpg;LEGO City 60247 Конструктор ЛЕГО Город Лесные пожарные
LEGO City 60252 Конструктор ЛЕГО Город Great Vehicles Строительный бульдозер;https://www.toy.ru/catalog/gorod/lego_city_60252_konstruktor_lego_gorod_great_vehicles_stroitelnyy_buldozer/;LEGO;https://www.toy.ru/upload/resize_cache/iblock/6aa/207_207_10240811ca8906714d1a9f41f2f5b358d/60252_boxprod_v29.jpg;LEGO City 60252 Конструктор ЛЕГО Город Great VehiclesСтроительный бульдозер
LEGO City 60255 Конструктор ЛЕГО Город Turbo Wheels Команда каскадёров;https://www.toy.ru/catalog/gorod/lego_city_60255_konstruktor_lego_gorod_turbo_wheels_komanda_kaskadyerov/;LEGO;https://www.toy.ru/upload/resize_cache/iblock/5a4/207_207_10240811ca8906714d1a9f41f2f5b358d/60255_boxprod_v29.jpg;LEGO City 60255 Конструктор ЛЕГО Город Turbo Wheels Командакаскадёров
LEGO City 60241 Конструктор ЛЕГО Город Полицейский отряд с собакой;https://www.toy.ru/catalog/gorod/lego_city_60241_konstruktor_lego_gorod_politseyskiy_otryad_s_sobakoy/;LEGO;https://www.toy.ru/upload/resize_cache/iblock/8dd/207_207_10240811ca8906714d1a9f41f2f5b358d/60241_boxprod_v29.jpg;LEGO City 60241 Конструктор ЛЕГО Город Полицейский отряд ссобакой
LEGO City 60242 Конструктор ЛЕГО Город Арест на шоссе;https://www.toy.ru/catalog/gorod/lego_city_60242_konstruktor_lego_gorod_arest_na_shosse/;LEGO;https://www.toy.ru/upload/resize_cache/iblock/b51/207_207_10240811ca8906714d1a9f41f2f5b358d/60242_boxprod_v29.jpg;LEGO City 60242 Конструктор ЛЕГО Город Арест на шоссе
LEGO DUPLO 10927 Конструктор ЛЕГО ДУПЛО Киоск-пиццерия;https://www.toy.ru/catalog/duplo/lego_duplo_10927_konstruktor_lego_duplo_kiosk_pitstseriya/;LEGO;https://www.toy.ru/upload/resize_cache/iblock/6b5/207_207_10240811ca8906714d1a9f41f2f5b358d/10927_boxprod_v29.jpg;LEGO DUPLO 10927 Конструктор ЛЕГО ДУПЛО Киоск-пиццерия
LEGO Classic 11008 Конструктор ЛЕГО Классик Кубики и домики;https://www.toy.ru/catalog/lego_classic/lego_classic_11008_konstruktor_lego_klassik_kubiki_i_domiki/;LEGO;https://www.toy.ru/upload/resize_cache/iblock/584/207_207_10240811ca8906714d1a9f41f2f5b358d/11008_boxprod_v29.jpg;LEGO Classic 11008 Конструктор ЛЕГО Классик Кубики и домики
LEGO Creator 31102 Конструктор ЛЕГО Криэйтор Огненный дракон;https://www.toy.ru/catalog/krieytor/lego_creator_31102_konstruktor_lego_krieytor_ognennyy_drakon/;LEGO;https://www.toy.ru/upload/resize_cache/iblock/823/207_207_10240811ca8906714d1a9f41f2f5b358d/31102_boxprod_v29.jpg;LEGO Creator 31102 Конструктор ЛЕГО Криэйтор Огненный дракон
LEGO Creator 31105 Конструктор ЛЕГО Криэйтор Городской магазин игрушек;https://www.toy.ru/catalog/krieytor/lego_creator_31105_konstruktor_lego_krieytor_gorodskoy_magazin_igrushek/;LEGO;https://www.toy.ru/upload/resize_cache/iblock/de4/207_207_10240811ca8906714d1a9f41f2f5b358d/31105_boxprod_v29.jpg;LEGO Creator 31105 Конструктор ЛЕГО Криэйтор Городской магазинигрушек
LEGO Star Wars 75268 Конструктор ЛЕГО Звездные войны Снежный спидер;https://www.toy.ru/catalog/zvezdnye_voyny/lego_star_wars_75268_konstruktor_lego_zvezdnye_voyny_snezhnyy_spider/;LEGO;https://www.toy.ru/upload/resize_cache/iblock/145/207_207_10240811ca8906714d1a9f41f2f5b358d/75268_boxprod_v29.jpg;LEGO Star Wars 75268 Конструктор ЛЕГО Звездные войны Снежныйспидер
LEGO Star Wars 75273 Конструктор ЛЕГО Звездные войны Истребитель типа Х По Дамерона;https://www.toy.ru/catalog/zvezdnye_voyny/lego_star_wars_75273_konstruktor_lego_zvezdnye_voyny_istrebitel_tipa_kh_po_damerona/;LEGO;https://www.toy.ru/upload/resize_cache/iblock/e13/207_207_10240811ca8906714d1a9f41f2f5b358d/75273_boxprod_v29.jpg;LEGO Star Wars 75273 Конструктор ЛЕГО Звездные войныИстребитель типа Х По Дамерона
LEGO Super Heroes 76147 Конструктор ЛЕГО Супер Герои Ограбление Стервятника;https://www.toy.ru/catalog/super_geroi/lego_super_heroes_76147_konstruktor_lego_super_geroi_ograblenie_stervyatnika/;LEGO;https://www.toy.ru/upload/resize_cache/iblock/a1d/207_207_10240811ca8906714d1a9f41f2f5b358d/76147_boxprod_v29.jpg;LEGO Super Heroes 76147 Конструктор ЛЕГО Супер ГероиОграбление Стервятника
LEGO Star Wars 75277 Конструктор ЛЕГО Звездные Войны Шлем Бобы Фетта;https://www.toy.ru/catalog/zvezdnye_voyny/lego_star_wars_75277_konstruktor_lego_zvezdnye_voyny_shlem_boby_fetta/;LEGO;https://www.toy.ru/upload/resize_cache/iblock/344/207_207_10240811ca8906714d1a9f41f2f5b358d/75277_2.jpg;LEGO Star Wars 75277 Конструктор ЛЕГО Звездные Войны Шлем БобыФетта
"LEGO DUPLO Super Heroes 10919 Конструктор ЛЕГО ДУПЛО Супер Герои ""Бэтпещера""";https://www.toy.ru/catalog/duplo/lego_duplo_10919_konstruktor_lego_duplo_super_geroi_betpeshchera/;LEGO;https://www.toy.ru/upload/resize_cache/iblock/04b/207_207_10240811ca8906714d1a9f41f2f5b358d/10919_boxprod.jpg;"LEGO DUPLO Super Heroes 10919 Конструктор ЛЕГО ДУПЛО СуперГерои ""Бэтпещера"""
LEGO DUPLO Town 10932 Конструктор ЛЕГО ДУПЛО Шаровой таран;https://www.toy.ru/catalog/duplo/lego_duplo_town_10932_konstruktor_lego_duplo_sharovoy_taran/;LEGO;https://www.toy.ru/upload/resize_cache/iblock/e4d/207_207_10240811ca8906714d1a9f41f2f5b358d/10932_boxprod.jpg;LEGO DUPLO Town 10932 Конструктор ЛЕГО ДУПЛО Шаровой таран
LEGO Creator 31108 Конструктор ЛЕГО Криэйтор Отпуск в доме на колесах;https://www.toy.ru/catalog/krieytor/lego_creator_31108_konstruktor_lego_krieytor_otpusk_v_dome_na_kolesakh/;LEGO;https://www.toy.ru/upload/resize_cache/iblock/64f/207_207_10240811ca8906714d1a9f41f2f5b358d/31108_boxprod.jpg;LEGO Creator 31108 Конструктор ЛЕГО Криэйтор Отпуск в доме наколесах
LEGO City 60266 Конструктор ЛЕГО Город Океан: исследовательское судно;https://www.toy.ru/catalog/gorod/lego_city_60266_konstruktor_lego_gorod_okean_issledovatelskoe_sudno/;LEGO;https://www.toy.ru/upload/resize_cache/iblock/ee3/207_207_10240811ca8906714d1a9f41f2f5b358d/60266_boxprod.jpg;LEGO City 60266 Конструктор ЛЕГО Город Океан:исследовательское судно
LEGO Ninjago 71703 Конструктор ЛЕГО Ниндзяго Бой на штормовом истребителе;https://www.toy.ru/catalog/nindzyago/lego_ninjago_71703_konstruktor_lego_nindzyago_boy_na_shtormovom_istrebitele/;LEGO;https://www.toy.ru/upload/resize_cache/iblock/91f/207_207_10240811ca8906714d1a9f41f2f5b358d/71703_boxprod.jpg;LEGO Ninjago 71703 Конструктор ЛЕГО Ниндзяго Бой на штормовомистребителе
LEGO City 60281 Конструктор ЛЕГО Город Спасательный пожарный вертолёт;https://www.toy.ru/catalog/gorod/lego_city_60281_konstruktor_lego_gorod_spasatelnyy_pozharnyy_vertolyet/;LEGO;https://www.toy.ru/upload/resize_cache/iblock/06b/207_207_10240811ca8906714d1a9f41f2f5b358d/60281_boxprod_v29.jpg;LEGO City 60281 Конструктор ЛЕГО Город Спасательный пожарныйвертолёт
"LEGO Super Mario 71381 Конструктор ЛЕГО Супер Марио Доп.набор ""Кусалкин на цепи- встреча в джунглях""";https://www.toy.ru/catalog/super_mario/lego_super_mario_71381_konstruktor_lego_super_mario_dop_nabor_kusalkin_na_tsepi_vstrecha_v_dzhunglya/;LEGO;https://www.toy.ru/upload/resize_cache/iblock/2f6/207_207_10240811ca8906714d1a9f41f2f5b358d/71381_boxprod_v29.jpg;"LEGO Super Mario 71381 Конструктор ЛЕГО Супер Марио Доп.набор""Кусалкин на цепи- встреча в джунглях"""
"LEGO Super Mario 71383 Конструктор ЛЕГО Супер Марио Дополнительный набор ""Ядовитое болото егозы""";https://www.toy.ru/catalog/super_mario/lego_super_mario_71383_konstruktor_lego_super_mario_dopolnitelnyy_nabor_yadovitoe_boloto_egozy/;LEGO;https://www.toy.ru/upload/resize_cache/iblock/753/207_207_10240811ca8906714d1a9f41f2f5b358d/71383_boxprod_v29.jpg;"LEGO Super Mario 71383 Конструктор ЛЕГО Супер МариоДополнительный набор ""Ядовитое болото егозы"""
"LEGO Super Mario 71384 Конструктор ЛЕГО Супер Марио Набор усилений ""Марио-пингвин""";https://www.toy.ru/catalog/super_mario/lego_super_mario_71384_konstruktor_lego_super_mario_nabor_usileniy_mario_pingvin/;LEGO;https://www.toy.ru/upload/resize_cache/iblock/71c/207_207_10240811ca8906714d1a9f41f2f5b358d/71384_boxprod_v29.jpg;"LEGO Super Mario 71384 Конструктор ЛЕГО Супер Марио Наборусилений ""Марио-пингвин"""
"LEGO Super Mario 71372 Конструктор ЛЕГО Супер Марио Набор усилений ""Марио-кот""";https://www.toy.ru/catalog/super_mario/lego_super_mario_71372_konstruktor_lego_super_mario_nabor_usileniy_mario_kot/;LEGO;https://www.toy.ru/upload/resize_cache/iblock/2f3/207_207_10240811ca8906714d1a9f41f2f5b358d/5.jpg;"LEGO Super Mario 71372 Конструктор ЛЕГО Супер Марио Наборусилений ""Марио-кот"""
"LEGO Super Mario 71363 Конструктор ЛЕГО Супер Марио Дополнительный набор ""Поки из пустыни""";https://www.toy.ru/catalog/super_mario/lego_super_mario_71363_konstruktor_lego_super_mario_dopolnitelnyy_nabor_poki_iz_pustyni/;LEGO;https://www.toy.ru/upload/resize_cache/iblock/1bd/207_207_10240811ca8906714d1a9f41f2f5b358d/71363.jpg;"LEGO Super Mario 71363 Конструктор ЛЕГО Супер МариоДополнительный набор ""Поки из пустыни"""
"LEGO Super Mario 71365 Конструктор ЛЕГО Супер Марио Доп. набор ""Мощная атака Растения-пираньи""";https://www.toy.ru/catalog/super_mario/lego_super_mario_71365_konstruktor_lego_super_mario_dop_nabor_moshchnaya_ataka_rasteniya_pirani/;LEGO;https://www.toy.ru/upload/resize_cache/iblock/5a1/207_207_10240811ca8906714d1a9f41f2f5b358d/71365.jpg;"LEGO Super Mario 71365 Конструктор ЛЕГО Супер Марио Доп. набор""Мощная атака Растения-пираньи"""
LEGO DUPLO 10909 Конструктор ЛЕГО ДУПЛО Шкатулка-сердечко;https://www.toy.ru/catalog/duplo/lego_duplo_10909_konstruktor_lego_duplo_shkatulka_serdechko/;LEGO;https://www.toy.ru/upload/resize_cache/iblock/294/207_207_10240811ca8906714d1a9f41f2f5b358d/10909.jpg;LEGO DUPLO 10909 Конструктор ЛЕГО ДУПЛО Шкатулка-сердечко
"LEGO Super Mario 71367 Конструктор ЛЕГО Супер Марио Дополнительный набор ""Дом Марио и Йоши""";https://www.toy.ru/catalog/super_mario/lego_super_mario_71367_konstruktor_lego_super_mario_dopolnitelnyy_nabor_dom_mario_i_yoshi/;LEGO;https://www.toy.ru/upload/resize_cache/iblock/80b/207_207_10240811ca8906714d1a9f41f2f5b358d/71367.jpg;"LEGO Super Mario 71367 Конструктор ЛЕГО Супер МариоДополнительный набор ""Дом Марио и Йоши"""
"LEGO Super Mario 71368 Конструктор ЛЕГО Супер Марио Доп. набор ""Погоня за сокровищами Тоада""";https://www.toy.ru/catalog/super_mario/lego_super_mario_71368_konstruktor_lego_super_mario_dop_nabor_pogonya_za_sokrovishchami_toada/;LEGO;https://www.toy.ru/upload/resize_cache/iblock/06d/207_207_10240811ca8906714d1a9f41f2f5b358d/71368.jpg;"LEGO Super Mario 71368 Конструктор ЛЕГО Супер Марио Доп. набор""Погоня за сокровищами Тоада"""
"LEGO Super Mario 71370 Конструктор ЛЕГО Супер Марио Набор усилений ""Марио-пожарный""";https://www.toy.ru/catalog/super_mario/lego_super_mario_71370_konstruktor_lego_super_mario_nabor_usileniy_mario_pozharnyy/;LEGO;https://www.toy.ru/upload/resize_cache/iblock/c1a/207_207_10240811ca8906714d1a9f41f2f5b358d/71370.jpg;"LEGO Super Mario 71370 Конструктор ЛЕГО Супер Марио Наборусилений ""Марио-пожарный"""
LEGO Super Heroes 76174 Конструктор ЛЕГО Супер Герои Монстр-трак Человека-Паука против Мистерио;https://www.toy.ru/catalog/super_geroi/lego_super_heroes_76174_konstruktor_lego_super_geroi_monstr_trak_cheloveka_pauka_protiv_misterio/;LEGO;https://www.toy.ru/upload/resize_cache/iblock/076/207_207_10240811ca8906714d1a9f41f2f5b358d/76174.jpg;LEGO Super Heroes 76174 Конструктор ЛЕГО Супер ГероиМонстр-трак Человека-Паука против Мистерио
LEGO DUPLO 10949 Конструктор ЛЕГО ДУПЛО Уход за животными на ферме;https://www.toy.ru/catalog/duplo/lego_duplo_10949_konstruktor_lego_duplo_ukhod_za_zhivotnymi_na_ferme/;LEGO;https://www.toy.ru/upload/resize_cache/iblock/0b3/207_207_10240811ca8906714d1a9f41f2f5b358d/10941.jpg;LEGO DUPLO 10949 Конструктор ЛЕГО ДУПЛО Уход за животными наферме
LEGO DUPLO 10950 Конструктор ЛЕГО ДУПЛО Фермерский трактор и животные;https://www.toy.ru/catalog/duplo/lego_duplo_10950_konstruktor_lego_duplo_fermerskiy_traktor_i_zhivotnye/;LEGO;https://www.toy.ru/upload/resize_cache/iblock/bce/207_207_10240811ca8906714d1a9f41f2f5b358d/10950.jpg;LEGO DUPLO 10950 Конструктор ЛЕГО ДУПЛО Фермерский трактор иживотные
LEGO DUPLO 10951 Конструктор ЛЕГО ДУПЛО Конюшня для лошади и пони;https://www.toy.ru/catalog/duplo/lego_duplo_10951_konstruktor_lego_duplo_konyushnya_dlya_loshadi_i_poni/;LEGO;https://www.toy.ru/upload/resize_cache/iblock/ddb/207_207_10240811ca8906714d1a9f41f2f5b358d/10951.jpg;LEGO DUPLO 10951 Конструктор ЛЕГО ДУПЛО Конюшня для лошади ипони
LEGO DUPLO 10952 Конструктор ЛЕГО ДУПЛО Фермерский трактор, домик и животные;https://www.toy.ru/catalog/duplo/lego_duplo_10952_konstruktor_lego_duplo_fermerskiy_traktor_domik_i_zhivotnye/;LEGO;https://www.toy.ru/upload/resize_cache/iblock/dd7/207_207_10240811ca8906714d1a9f41f2f5b358d/10952.jpg;LEGO DUPLO 10952 Конструктор ЛЕГО ДУПЛО Фермерский трактор,домик и животные
LEGO Jurassic World 75940 Конструктор ЛЕГО Мир Юрского Периода Побег галлимима и птеранодона;https://www.toy.ru/catalog/mir_yurskogo_perioda-jur/lego_jurassic_world_75940_konstruktor_lego_mir_yurskogo_perioda_pobeg_gallimima_i_pteranodona/;LEGO;https://www.toy.ru/upload/resize_cache/iblock/180/207_207_10240811ca8906714d1a9f41f2f5b358d/75940.jpg;LEGO Jurassic World 75940 Конструктор ЛЕГО Мир Юрского ПериодаПобег галлимима и птеранодона
LEGO VIDIYO 43103 Конструктор ЛЕГО Битбокс Пирата Панка;https://www.toy.ru/catalog/vidiyo/lego_vidiyo_43103_konstruktor_lego_bitboks_pirata_panka/;LEGO;https://www.toy.ru/upload/resize_cache/iblock/035/207_207_10240811ca8906714d1a9f41f2f5b358d/42103.jpg;LEGO VIDIYO 43103 Конструктор ЛЕГО Битбокс Пирата Панка
LEGO VIDIYO 43106 Конструктор ЛЕГО Битбокс Диджея Единорога;https://www.toy.ru/catalog/vidiyo/lego_vidiyo_43106_konstruktor_lego_bitboks_didzheya_edinoroga/;LEGO;https://www.toy.ru/upload/resize_cache/iblock/bfe/207_207_10240811ca8906714d1a9f41f2f5b358d/43106.jpg;LEGO VIDIYO 43106 Конструктор ЛЕГО Битбокс Диджея Единорога
LEGO VIDIYO 43107 Конструктор ЛЕГО Битбокс Хип-Хоп Робота;https://www.toy.ru/catalog/vidiyo/lego_vidiyo_43107_konstruktor_lego_bitboks_khip_khop_robota/;LEGO;https://www.toy.ru/upload/resize_cache/iblock/719/207_207_10240811ca8906714d1a9f41f2f5b358d/43107.jpg;LEGO VIDIYO 43107 Конструктор ЛЕГО Битбокс Хип-Хоп Робота
LEGO Super Heroes 76170 Конструктор ЛЕГО Супер Герои Железный Человек против Таноса;https://www.toy.ru/catalog/super_geroi/lego_super_heroes_76170_konstruktor_lego_super_geroi_zheleznyy_chelovek_protiv_tanosa/;LEGO;https://www.toy.ru/upload/resize_cache/iblock/4e8/207_207_10240811ca8906714d1a9f41f2f5b358d/76170.jpg;LEGO Super Heroes 76170 Конструктор ЛЕГО Супер Герои ЖелезныйЧеловек против Таноса
LEGO Ninjago 71731 Конструктор ЛЕГО Ниндзяго Легендарные битвы: Зейн против Ниндроида;https://www.toy.ru/catalog/nindzyago/lego_ninjago_71731_konstruktor_lego_nindzyago_legendarnye_bitvy_zeyn_protiv_nindroida/;LEGO;https://www.toy.ru/upload/resize_cache/iblock/8d6/207_207_10240811ca8906714d1a9f41f2f5b358d/71731.jpg;LEGO Ninjago 71731 Конструктор ЛЕГО Ниндзяго Легендарныебитвы: Зейн против Ниндроида
LEGO Ninjago 71732 Конструктор ЛЕГО Ниндзяго Легендарные битвы: Джей против воина-серпентина;https://www.toy.ru/catalog/nindzyago/lego_ninjago_71732_konstruktor_lego_nindzyago_legendarnye_bitvy_dzhey_protiv_voina_serpentina/;LEGO;https://www.toy.ru/upload/resize_cache/iblock/d8f/207_207_10240811ca8906714d1a9f41f2f5b358d/71732.jpg;LEGO Ninjago 71732 Конструктор ЛЕГО Ниндзяго Легендарныебитвы: Джей против воина-серпентина
LEGO Ninjago 71733 Конструктор ЛЕГО Ниндзяго Легендарные битвы: Коул против Призрачного воина;https://www.toy.ru/catalog/nindzyago/lego_ninjago_71733_konstruktor_lego_nindzyago_legendarnye_bitvy_koul_protiv_prizrachnogo_voina/;LEGO;https://www.toy.ru/upload/resize_cache/iblock/c9b/207_207_10240811ca8906714d1a9f41f2f5b358d/71733.jpg;LEGO Ninjago 71733 Конструктор ЛЕГО Ниндзяго Легендарныебитвы: Коул против Призрачного воина
LEGO Ninjago 71735 Конструктор ЛЕГО Ниндзяго Турнир стихий;https://www.toy.ru/catalog/nindzyago/lego_ninjago_71735_konstruktor_lego_nindzyago_turnir_stikhiy/;LEGO;https://www.toy.ru/upload/resize_cache/iblock/092/207_207_10240811ca8906714d1a9f41f2f5b358d/71735.jpg;LEGO Ninjago 71735 Конструктор ЛЕГО Ниндзяго Турнир стихий
LEGO City 60280 Конструктор ЛЕГО Город Пожарная машина с лестницей;https://www.toy.ru/catalog/gorod/lego_city_60280_konstruktor_lego_gorod_pozharnaya_mashina_s_lestnitsey/;LEGO;https://www.toy.ru/upload/resize_cache/iblock/fb5/207_207_10240811ca8906714d1a9f41f2f5b358d/60280.jpg;LEGO City 60280 Конструктор ЛЕГО Город Пожарная машина слестницей
LEGO DOTs 41933 ЛЕГО Дотс Браслет Музыка;https://www.toy.ru/catalog/dots/lego_dots_41933_lego_dots_braslet_muzyka/;LEGO;https://www.toy.ru/upload/resize_cache/iblock/251/207_207_10240811ca8906714d1a9f41f2f5b358d/41933.jpg;LEGO DOTs 41933 ЛЕГО Дотс Браслет Музыка
LEGO City 60291 Конструктор ЛЕГО Город Современный дом для семьи;https://www.toy.ru/catalog/gorod/lego_city_60291_konstruktor_lego_gorod_sovremennyy_dom_dlya_semi/;LEGO;https://www.toy.ru/upload/resize_cache/iblock/54f/207_207_10240811ca8906714d1a9f41f2f5b358d/60291.jpg;LEGO City 60291 Конструктор ЛЕГО Город Современный дом длясемьи
LEGO City 60304 Конструктор ЛЕГО Город City Town Перекрёсток;https://www.toy.ru/catalog/gorod/lego_city_60304_konstruktor_lego_gorod_city_town_perekryestok/;LEGO;https://www.toy.ru/upload/resize_cache/iblock/4f1/207_207_10240811ca8906714d1a9f41f2f5b358d/60304.jpg;LEGO City 60304 Конструктор ЛЕГО Город City Town Перекрёсток
LEGO Super Heroes 76176 Конструктор ЛЕГО Супер Герои Побег от Десяти колец;https://www.toy.ru/catalog/super_geroi/lego_super_heroes_76176_konstruktor_lego_super_geroi_pobeg_ot_desyati_kolets/;LEGO;https://www.toy.ru/upload/resize_cache/iblock/79b/207_207_10240811ca8906714d1a9f41f2f5b358d/76176.jpg;LEGO Super Heroes 76176 Конструктор ЛЕГО Супер Герои Побег отДесяти колец
LEGO Creator 31111 Конструктор ЛЕГО Криэйтор Кибердрон;https://www.toy.ru/catalog/krieytor/lego_creator_31111_konstruktor_lego_krieytor_kiberdron/;LEGO;https://www.toy.ru/upload/resize_cache/iblock/c47/207_207_10240811ca8906714d1a9f41f2f5b358d/31111.jpg;LEGO Creator 31111 Конструктор ЛЕГО Криэйтор Кибердрон
